Sections,0
,"nightingale hammerson
Hospital Medical Report
"
,"nightingale hammerson
Hospital Medical Report"
,"‘tile deems te: te: ine eonmemiintad ‘rw thin natlantis tenatina’ Acetar-
"
,"nightingale hammerson
Hospital Medical Report"
,"‘This form is to be completed by the patient's hospital doctor
"
,"nightingale hammerson
Hospital Medical Report"
,a
,RT
,"ae a
"
,nightingale hammerson
,"TY. 94. RA. 22.3 Tw a
"
,
,"nightingale hammerson
"
,
,"nightingale hammerson
"
,"~~ s  ,
"
,
,
,"nightingale h
"
,"nightingale hammerson
"
